lga_canonical,LGA,population_growth_rate,population_2026,crash_rate_severity_weighted,traffic_volume_index,dwelling_approvals_per_capita,population_growth_rate_z,dwelling_approvals_per_capita_z,crash_rate_severity_weighted_z,traffic_volume_index_z,priority_score,cluster,archetype
PYRENEES,Pyrenees (S),0.054987212276214836,7820,84.27109974424553,389.1989247311828,4.731457800511509,-0.4872351195637874,-0.4030429420642479,1.7266408890019718,-1.1590901383801704,-0.32272731100623386,1,Established High-Strain
SWAN HILL,Swan Hill (RC),-0.017126546146527116,21020,37.012369172216935,364.84637096774196,4.186489058039961,-1.0606913947502083,-0.5014518420771386,-0.5241530079417074,-1.2190540714154496,-3.305350316184504,2,Low-Pressure Stable
HINDMARSH,Hindmarsh (S),-0.06605504587155964,5450,55.77981651376147,0.0,1.2844036697247705,-1.449776027370444,-1.0255021380856124,0.36968513426523153,,-2.105593031190825,1,Established High-Strain
WHITEHORSE,Whitehorse (C),0.1344153368552911,183610,29.15418550187898,1551.6852322998348,4.84178421654594,0.14438577307014583,-0.3831205127611036,-0.8984151100373524,1.703330442993248,0.566180593264938,0,Growth Hotspot – High Strain
SOUTH GIPPSLAND,South Gippsland (S),0.10204081632653061,31850,57.70800627943485,741.0085125448029,4.646781789638933,-0.11305985671573009,-0.41833349441713785,0.461519123544995,-0.2928201459288967,-0.3626943735167696,2,Low-Pressure Stable
MOIRA,Moira (S),0.05121638924455826,31240,47.69526248399488,347.633064516129,9.12291933418694,-0.5172211052815836,0.3899546471515838,-0.015358320128362924,-1.2614388481993044,-1.4040636264576671,2,Low-Pressure Stable
BASS COAST,Bass Coast (S),0.15059832919394897,44290,36.48679160081283,543.7346774193549,8.286294874689546,0.2730746489639099,0.23887939023019025,-0.5491847169141658,-0.7785726938540266,-0.8158033715740922,2,Low-Pressure Stable
COLAC-OTWAY,Colac-Otway (S),0.05191377034755829,22730,80.11438627364716,0.0,9.28288605367356,-0.5116754565945826,0.41884098076395726,1.528668891072261,,1.4358344152416356,1,Established High-Strain
GOLDEN PLAINS,Golden Plains (S),0.24780058651026393,27280,53.44574780058651,0.0,6.3049853372434015,1.0460373351348657,-0.11889983079605741,0.25852032829029453,,1.185657832629103,2,Low-Pressure Stable
DAREBIN,Darebin (C),0.1576306449638967,163420,37.853383918736995,1490.2805461595578,7.330804063150166,0.32899637174707835,0.06633958673692168,-0.4840979570380045,1.55213207080053,1.4633700722465255,0,Growth Hotspot – High Strain
MACEDON RANGES,Macedon Ranges (S),0.17684363109258924,55190,40.35151295524551,469.4026526936303,5.308932777677115,0.4817800804532633,-0.29876415897275094,-0.36511944193419094,-0.9616023915328584,-1.143705911986537,2,Low-Pressure Stable
GREATER SHEPPARTON,Greater Shepparton (C),0.09468854282536152,71920,44.81368186874305,725.4234152943831,6.966073414905451,-0.17152591740024192,0.0004775673264693254,-0.15259950252691964,-0.3311957404127685,-0.6548435930134607,2,Low-Pressure Stable
MURRINDINDI,Murrindindi (S),0.10211706102117062,16060,134.62017434620174,378.869623655914,3.1755915317559156,-0.11245355079648137,-0.6839968319717817,4.124618753814105,-1.1845242478372455,2.1436441232085968,1,Established High-Strain
WELLINGTON,Wellington (S),0.07793030623020063,47350,54.95248152059134,436.5502688172043,4.350580781414995,-0.3047891967902545,-0.4718206270365811,0.3302816096505134,-1.0424956796024114,-1.4888238937787337,2,Low-Pressure Stable
MAROONDAH,Maroondah (C),0.10169910920488287,121240,30.229297261629824,1382.1958762886597,3.60442098317387,-0.11577714808246313,-0.6065600336413244,-0.8472107091131381,1.2859923480742568,-0.2835555427626688,0,Growth Hotspot – High Strain
CASEY,Casey (C),0.23326553038273595,427710,29.723410722218325,1425.595600676819,8.835425872670735,0.930453023225127,0.3380398984626987,-0.8713045923315608,1.3928566298346374,1.7900449591909025,0,Growth Hotspot – High Strain
LODDON,Loddon (S),0.015444015444015444,7770,81.98198198198197,0.0,4.375804375804376,-0.8016868255950362,-0.46726582235737535,1.6176169641880085,-2.1174248775901203,-1.7687605613545234,1,Established High-Strain
WHITTLESEA,Whittlesea (C),0.26093168402451405,265970,30.108658871301273,1183.8642274915142,10.94484340339136,1.1504572188620303,0.7189524952561972,-0.8529563596924478,0.7976351177495051,1.8140884721752848,0,Growth Hotspot – High Strain
LATROBE,Latrobe (C) (Vic.),0.06440677966101695,79650,36.610169491525426,654.275277488727,5.072190834902699,-0.4123297180911522,-0.3415143432671489,-0.5433085920146523,-0.5063856696664297,-1.803538323039383,2,Low-Pressure Stable
MOONEE VALLEY,Moonee Valley (C),0.14584442247737814,131510,34.23313816439814,1184.6939029970258,4.608014599650216,0.23527107724757718,-0.42533396293222797,-0.6565195805279302,0.7996780495478203,-0.04690441666476075,0,Growth Hotspot – High Strain
MERRI-BEK,Merri-bek (C),0.17043175340441255,189460,2.7974242584186633,1292.2312993745886,11.585558957035786,0.43079214727055515,0.8346510811408548,-2.153709880589114,1.0644702063709393,0.1762035541932352,0,Growth Hotspot – High Strain
STONNINGTON,Stonnington (C),0.12978796169630644,116960,52.10328317373461,1327.300038606726,7.352941176470588,0.10758839375445785,0.07033704347442842,0.19458269914945903,1.150820884471257,1.5233290208496024,0,Growth Hotspot – High Strain
HEPBURN,Hepburn (S),0.08521739130434783,17250,55.01449275362319,0.0,8.46376811594203,-0.2468415214092252,0.27092700157423194,0.3332350217113241,,0.3573205018763308,2,Low-Pressure Stable
MOYNE,Moyne (S),0.06696428571428571,17920,62.332589285714285,419.6081989247312,3.2366071428571432,-0.3919921580034268,-0.6729788070757949,0.681774366977286,-1.0842125834795076,-1.4674091815814432,2,Low-Pressure Stable
GLEN EIRA,Glen Eira (C),0.09890040841972982,159150,32.126924285265474,1112.794432382134,4.404649701539428,-0.13803271432554842,-0.46205701576926494,-0.7568323330591158,0.6226380937754674,-0.7342839693784617,0,Growth Hotspot – High Strain
WODONGA,Wodonga (C),0.1601815823605707,46260,27.042801556420233,637.4032258064516,9.987029831387808,0.3492816971790848,0.5459932543081566,-0.9989740975730056,-0.5479301658647122,-0.6516293119504765,0,Growth Hotspot – High Strain
MARIBYRNONG,Maribyrnong (C),0.2391779189833201,100720,38.57227958697379,1031.6587715084556,4.904686258935663,0.9774689660701807,-0.3717618414874754,-0.44985907751202037,0.4228556240327559,0.5787036711034409,0,Growth Hotspot – High Strain
BAW BAW,Baw Baw (S),0.22416460396039603,64640,51.5934405940594,906.8364055299539,10.473391089108912,0.8580814885686437,0.6338189820079771,0.17030040140585034,0.11550223237012933,1.7777031043526008,0,Growth Hotspot – High Strain
KINGSTON,Kingston (C) (Vic.),0.09757264139662801,167260,39.25026904220973,1152.07430028463,7.437522420184145,-0.14859125888121813,0.08561048304423625,-0.41756844021461414,0.7193579446551682,0.23880872860357222,0,Growth Hotspot – High Strain
MOUNT ALEXANDER,Mount Alexander (S),0.08167141500474834,21060,45.25166191832859,552.083870967742,5.698005698005698,-0.2750395020046503,-0.2285064815494667,-0.13173980505604252,-0.7580142551909871,-1.3933000438011467,2,Low-Pressure Stable
GREATER GEELONG,Greater Geelong (C),0.2199953545475661,301370,38.958755018747716,934.3760049044392,11.467631151076748,0.8249271739011305,0.813356014541749,-0.4314523930195198,0.18331371155836904,1.3901445069817286,0,Growth Hotspot – High Strain
TOWONG,Towong (S),0.01929260450160772,6220,109.96784565916398,0.0,1.9292604501607717,-0.7710824361697574,-0.9090557412872233,2.9505010768768436,,1.270362899419863,1,Established High-Strain
CORANGAMITE,Corangamite (S),-0.026582278481012658,15800,74.24050632911393,0.0,2.848101265822785,-1.1358843837483223,-0.7431340894395181,1.2489133206092569,,-0.6301051525785835,1,Established High-Strain
CAMPASPE,Campaspe (S),0.0407955124936257,39220,47.57776644569097,622.7215988779803,5.405405405405405,-0.6000890253078124,-0.2813434072191037,-0.0209543097524692,-0.5840811216346755,-1.4864678639140607,2,Low-Pressure Stable
CENTRAL GOLDFIELDS,Central Goldfields (S),0.048034934497816595,13740,41.77583697234352,224.62970430107526,3.2023289665211063,-0.542520371727323,-0.6791686623184622,-0.2972830915678106,-1.5643132541732134,-3.083285379786809,2,Low-Pressure Stable
FRANKSTON,Frankston (C),0.07137954701441318,145700,35.68977350720659,1040.1334993674889,3.816060398078243,-0.3568815306484758,-0.5683427921796299,-0.5871443370547964,0.44372316912752063,-1.0686454907553813,0,Growth Hotspot – High Strain
NILLUMBIK,Nillumbik (S),0.050810473815461346,64160,38.68453865336658,1046.106433888692,2.041770573566085,-0.520448987936736,-0.8887389843399944,-0.4445125094079877,0.4584304827477956,-1.3952699989369226,2,Low-Pressure Stable
MELTON,Melton (C),0.43852931488801056,242880,23.01548089591568,1072.194113963682,17.712450592885375,2.5627324643136076,1.9410276847744419,-1.190783497740517,0.5226668628933111,3.8356435142408434,3,Growth Hotspot – High Strain
MONASH,Monash (C),0.12818782239791737,207430,39.23733307621848,1396.4271108760797,5.158366677915441,0.09486391590302712,-0.32595295550735415,-0.41818454210630146,1.321034290948047,0.6717607092374185,0,Growth Hotspot – High Strain
YARRA RANGES,Yarra Ranges (S),0.07534163006344559,163920,45.92484138604197,820.4060633213859,3.513909224011713,-0.32537462493489344,-0.6229043887633883,-0.09967825327212979,-0.09731747034997551,-1.145274737320387,2,Low-Pressure Stable
HOBSONS BAY,Hobsons Bay (C),0.11442168425408648,96660,40.32691909786882,1202.5987536076418,5.69004758948893,-0.014605878437540992,-0.22994353407061968,-0.3662907747951402,0.8437656336858528,0.23292544638255186,0,Growth Hotspot – High Strain
MANSFIELD,Mansfield (S),0.14872262773722628,10960,103.10218978102189,0.0,6.204379562043796,0.2581588715275376,-0.13706693452284452,2.6235101450005627,,2.744602082005256,1,Established High-Strain
WEST WIMMERA,West Wimmera (S),-0.059895833333333336,3840,68.22916666666666,0.0,0.78125,-1.4007973143272632,-1.116360191614525,0.9626109493665543,,-1.5545465565752337,1,Established High-Strain
GANNAWARRA,Gannawarra (S),-0.021153846153846155,10400,51.057692307692314,0.0,2.5,-1.0927169126509244,-0.805993222437414,0.14478429128911358,,-1.753925843799225,2,Low-Pressure Stable
BOROONDARA,Boroondara (C),0.08365187524236885,180510,32.31953908370727,1190.608240690116,5.999667608442746,-0.2592906716030648,-0.17403323479541663,-0.7476586585328172,0.8142410786585043,-0.36674148627279435,0,Growth Hotspot – High Strain
SOUTHERN GRAMPIANS,Southern Grampians (S),-0.013546798029556651,16240,48.706896551724135,253.81317204301075,2.3399014778325125,-1.0322248570719268,-0.8349033566016948,0.03282282562024946,-1.4924540347084452,-3.3267594227618176,2,Low-Pressure Stable
ALPINE,Alpine (S),0.041014168530947054,13410,77.10663683818046,0.0,3.6539895600298284,-0.5983502492482666,-0.5976090815161134,1.3854186600368312,,0.18945932927245113,1,Established High-Strain
KNOX,Knox (C),0.07421993335352924,165050,31.39654650106029,1499.7374594310807,5.895183277794608,-0.3342944764476478,-0.19290071699455064,-0.7916180718898851,1.575418076845011,0.2566048115129276,0,Growth Hotspot – High Strain
SURF COAST,Surf Coast (S),0.14119324934632754,42070,47.08818635607321,652.3508064516129,5.371999049203708,0.19828445392746621,-0.2873758316703454,-0.044271564880540945,-0.5111243452697698,-0.64448728789319,2,Low-Pressure Stable
PORT PHILLIP,Port Phillip (C),0.2463546965072906,117960,47.55849440488301,1303.7205642821036,26.01729399796541,1.0345394640826633,3.440692602374563,-0.021872180192643174,1.092760525252119,5.546120411516703,3,Growth Hotspot – High Strain
BULOKE,Buloke (S),-0.04983388704318937,6020,61.627906976744185,0.0,3.488372093023256,-1.3207836474920571,-0.6275158109867287,0.6482124278156604,,-1.3000870306631254,1,Established High-Strain
MORNINGTON PENINSULA,Mornington Peninsula (S),0.0738047523618666,174650,34.70369310048669,807.2344791854388,4.471800744345835,-0.3375960398415754,-0.44993107212830097,-0.634108437327404,-0.12975020807303903,-1.5513857573703194,2,Low-Pressure Stable
MITCHELL,Mitchell (S),0.8336648814078041,65350,43.19816373374139,545.9802191113816,14.628921193573069,5.704892505977146,1.3842127471551966,-0.22954186459738474,-0.7730434375404335,6.086519950994523,3,Growth Hotspot – High Strain
MANNINGHAM,Manningham (C),0.09082652134423251,132120,23.940357250983954,1285.144383987563,4.125037844383893,-0.20223712288582027,-0.5125485268391393,-1.1467343658612257,1.0470199083930631,-0.8145001071931222,0,Growth Hotspot – High Strain
GREATER DANDENONG,Greater Dandenong (C),0.1342811062660534,167410,58.28803536228421,1248.2712564715252,6.104772713696912,0.1433183571511323,-0.15505365488980102,0.4891441973445842,0.9562262376080162,1.4336351372139315,0,Growth Hotspot – High Strain
NORTHERN GRAMPIANS,Northern Grampians (S),-0.018659881255301103,11790,67.51484308736218,252.75604838709677,3.138252756573367,-1.0728846385822037,-0.6907393614182941,0.9285898249461473,-1.4950570180640719,-2.3300911931184225,1,Established High-Strain
BRIMBANK,Brimbank (C),0.09166461765429063,203350,41.76051143348906,1332.396194955521,4.312761249077944,-0.1955724919093568,-0.4786499702378298,-0.2980130017643704,1.1633692841588172,0.19113382024726022,0,Growth Hotspot – High Strain
MOORABOOL,Moorabool (S),0.32779597566682267,42740,51.4506317267197,735.4778225806451,7.089377632194665,1.6821691760089577,0.022743490937703854,0.16349883642204835,-0.306438509155653,1.561972994213057,0,Growth Hotspot – High Strain
BENALLA,Benalla (RC),0.030695770804911322,14660,55.8663028649386,591.2184139784946,7.91268758526603,-0.6804032451714197,0.17141445229223998,0.37380422398774815,-0.6616522416108778,-0.7968368105023094,2,Low-Pressure Stable
STRATHBOGIE,Strathbogie (S),0.11101905550952776,12070,87.32394366197182,99.77688172043011,5.88235294117647,-0.041663944032435035,-0.19521758255946325,1.8720388371729908,-1.8717416399275952,-0.23658432934650264,1,Established High-Strain
HORSHAM,Horsham (RC),0.02629016553067186,20540,42.59980525803311,625.660394265233,3.1645569620253164,-0.7154370867817368,-0.6859894230777945,-0.25803991329668374,-0.5768448485309422,-2.2363112716871574,2,Low-Pressure Stable
BANYULE,Banyule (C),0.11907983761840325,133020,26.99594046008119,1474.094255622265,8.04390317245527,0.022436252439744966,0.19510898849862204,-1.00120595332468,1.5122761422890447,0.7286154299027318,0,Growth Hotspot – High Strain
WYNDHAM,Wyndham (C),0.30980718546261615,360450,19.922319323068386,1220.6826933361856,12.140380080454987,1.539120403469028,0.9348390959836517,-1.3381016568648776,0.8882941936648211,2.0241520362526235,0,Growth Hotspot – High Strain
YARRA,Yarra (C),0.2296135311348389,105830,54.502504015874514,1406.7177516634888,13.464991023339318,0.9014119368709008,1.174033559216725,0.3088505087910663,1.346373206162462,3.730669211041154,0,Growth Hotspot – High Strain
BALLARAT,Ballarat (C),0.16557944753160989,124170,39.13183538696948,700.2769043101111,6.458887009744705,0.39220609500060316,-0.09110870605684696,-0.4232090857668937,-0.39311465517543703,-0.5152263519985745,2,Low-Pressure Stable
YARRIAMBIACK,Yarriambiack (S),-0.057233704292527825,6290,43.56120826709062,0.0,3.656597774244833,-1.3796277811175712,-0.5971380976377857,-0.21225112466234164,,-2.1890170034176983,2,Low-Pressure Stable
HUME,Hume (C),0.26478843215973286,281470,34.89892350872206,1474.4680465900763,13.099086936440829,1.18112649014019,1.1079596436035164,-0.6248101890241774,1.513196537611061,3.1774724823305904,0,Growth Hotspot – High Strain
WANGARATTA,Wangaratta (RC),0.05287206266318538,30640,47.552219321148826,575.577620967742,6.005221932114883,-0.5040550142008052,-0.17303025088039123,-0.02217104391582715,-0.700164977228915,-1.3994212862259388,2,Low-Pressure Stable
MILDURA,Mildura (RC),0.07217021276595745,58750,34.246808510638296,784.557951987997,2.4,-0.3505940725168378,-0.8240509370077186,-0.6558685022718279,-0.18558721685449364,-2.016100728650878,2,Low-Pressure Stable
QUEENSCLIFFE,Queenscliffe (B),0.06528189910979229,3370,15.13353115727003,525.7056451612904,8.30860534124629,-0.40537067517875786,0.24290815060031043,-1.5661775075462048,-0.8229660537256493,-2.5516060858503016,2,Low-Pressure Stable
MELBOURNE,Melbourne (C),0.26371561309182023,191570,71.7962102625672,1069.2077147307202,40.053244244923526,1.1725953188340483,5.975264435200227,1.1324987110267666,0.5153133735894186,8.79567183865046,3,Growth Hotspot – High Strain
WARRNAMBOOL,Warrnambool (C),0.06134800550206328,36350,30.31636863823934,782.440770981127,7.372764786795048,-0.43665341545757436,0.07391673444434885,-0.8430637563554358,-0.19080040728013617,-1.3966008446487974,2,Low-Pressure Stable
INDIGO,Indigo (S),0.08555555555555555,18000,52.61111111111111,0.0,4.555555555555555,-0.24415240332496196,-0.43480686738115215,0.2187690454247236,,-0.4601902252813904,2,Low-Pressure Stable
GLENELG,Glenelg (S),0.006487025948103792,20040,50.99800399201597,250.55376344086022,2.5449101796407185,-0.8729137585070442,-0.797883470384882,0.1419415129280146,-1.5004797621558634,-3.029335478119775,2,Low-Pressure Stable
ARARAT,Ararat (RC),0.020134228187919462,11920,56.96308724832215,433.2056451612903,3.523489932885906,-0.7643897551222418,-0.6211743317010746,0.42604082802899057,-1.0507312343158774,-2.0102544931102035,2,Low-Pressure Stable
EAST GIPPSLAND,East Gippsland (S),0.10450980392156863,51000,52.294117647058826,743.6017732503301,13.96078431372549,-0.0934262048204564,1.2635624964533816,0.2036715820433816,-0.2864346919514703,1.0873731817248364,0,Growth Hotspot – High Strain
CARDINIA,Cardinia (S),0.2802666475521468,139510,35.25912120994911,960.0520502044525,10.207153609060283,1.3042109048150416,0.5857425777816241,-0.6076550353033361,0.24653651258107592,1.5288349598744055,0,Growth Hotspot – High Strain
GREATER BENDIGO,Greater Bendigo (C),0.1511627906976744,129860,41.47543508393655,865.8433237799053,6.2528877252425685,0.2775633068634881,-0.1283074688691126,-0.31159034715577494,0.014563890016077385,-0.14777061914532202,0,Growth Hotspot – High Strain
BAYSIDE,Bayside (C),0.07605633802816901,106500,32.27230046948357,1003.3157568238213,11.389671361502348,-0.31969119120101797,0.7992782582607937,-0.7499084943474448,0.3530658742152724,0.08274444692760335,0,Growth Hotspot – High Strain
